event_id,phase,metric,n_windows,mean,median,max,std,baseline_mean,fold_change_vs_baseline,mean_minus_baseline
caretaker_entry_room1_week11_2025_08_17,pre_entry_baseline,activity_mean,58,0.29230636639205304,0.29160371981561173,0.5101394690573215,0.0727077432485227,0.29230636639205304,1.0,0.0
caretaker_entry_room1_week11_2025_08_17,pre_entry_baseline,mobility_index,58,0.19159317401894344,0.19223299740829486,0.3429974900891049,0.04351258955295176,0.19159317401894344,1.0,0.0
caretaker_entry_room1_week11_2025_08_17,pre_entry_baseline,spatial_freedom_index,58,0.9561319012551546,0.960411337357908,0.9994415361606208,0.024080309953847665,0.9561319012551546,1.0,0.0
caretaker_entry_room1_week11_2025_08_17,pre_entry_baseline,occupancy_imbalance_index,58,0.14345723721951587,0.14440229140818645,0.2498075868891865,0.04995426403139543,0.14345723721951587,1.0,0.0
caretaker_entry_room1_week11_2025_08_17,pre_entry_baseline,welfare_risk_score,58,0.22363188360616726,0.22363188260837405,0.223631938588889,7.3503458367348146e-09,0.22363188360616726,1.0,0.0
caretaker_entry_room1_week11_2025_08_17,pre_entry_baseline,audio_rms,58,0.06455293490455064,0.06452846527099605,0.0663800239562988,0.0007974316460310527,0.06455293490455064,1.0,0.0
caretaker_entry_room1_week11_2025_08_17,pre_entry_baseline,audio_short_time_energy,58,0.004189183566205407,0.004182774340733849,0.0044287177734076,0.00010333069286722812,0.004189183566205407,1.0,0.0
caretaker_entry_room1_week11_2025_08_17,pre_entry_baseline,audio_zero_crossing_rate,58,0.04374507076010617,0.0433610007166862,0.0483015142381191,0.0025129875384194765,0.04374507076010617,1.0,0.0
caretaker_entry_room1_week11_2025_08_17,pre_entry_baseline,audio_spectral_centroid,58,1475.44016660493,1484.6785278320312,1692.231201171875,118.76991707406167,1475.44016660493,1.0,0.0
caretaker_entry_room1_week11_2025_08_17,pre_entry_baseline,audio_spectral_bandwidth,58,1986.5020562533675,1991.3798828125,2212.223876953125,131.89814158786552,1986.5020562533675,1.0,0.0
caretaker_entry_room1_week11_2025_08_17,pre_entry_baseline,audio_spectral_rolloff,58,3033.264370622306,3020.0333251953125,3802.10009765625,368.2681575184359,3033.264370622306,1.0,0.0
caretaker_entry_room1_week11_2025_08_17,pre_entry_baseline,temp_context,58,23.7,23.7,23.7,0.0,23.7,1.0,0.0
caretaker_entry_room1_week11_2025_08_17,pre_entry_baseline,rh_context,58,52.0,52.0,52.0,0.0,52.0,1.0,0.0
caretaker_entry_room1_week11_2025_08_17,during_entry,activity_mean,14,0.7598849317397871,0.7581248263828456,1.0253850533626974,0.15877585137347702,0.29230636639205304,2.5996181373641343,0.46757856534773407
caretaker_entry_room1_week11_2025_08_17,during_entry,mobility_index,14,0.49131150280165997,0.4955509272117742,0.6606122913168736,0.08723559678040699,0.19159317401894344,2.5643476356474078,0.29971832878271654
caretaker_entry_room1_week11_2025_08_17,during_entry,spatial_freedom_index,14,0.8719857992125569,0.9000640687610606,0.9666493320168448,0.08786910709154235,0.9561319012551546,0.9119932072843344,-0.08414610204259765
caretaker_entry_room1_week11_2025_08_17,during_entry,occupancy_imbalance_index,14,0.25111636309100593,0.23730018042823764,0.4164176271071533,0.09507424909416434,0.14345723721951587,1.7504614473144486,0.10765912587149007
caretaker_entry_room1_week11_2025_08_17,during_entry,welfare_risk_score,14,0.4149716226199253,0.4296893908719207,0.4296893908729788,0.05506868105441298,0.22363188360616726,1.8556013388087447,0.19133973901375806
caretaker_entry_room1_week11_2025_08_17,during_entry,audio_rms,14,0.0655089797718184,0.0648816749453544,0.0679211392998695,0.001305973736261795,0.06455293490455064,1.014810246330107,0.0009560448672677607
caretaker_entry_room1_week11_2025_08_17,during_entry,audio_short_time_energy,14,0.0043718338212264,0.004265287192538349,0.0047129518352448,0.00022787349519927248,0.004189183566205407,1.0436004419797813,0.00018265025502099252
caretaker_entry_room1_week11_2025_08_17,during_entry,audio_zero_crossing_rate,14,0.05299700477293555,0.052749181166291195,0.0614903159439563,0.004410056019116605,0.04374507076010617,1.2114966064077508,0.00925193401282938
caretaker_entry_room1_week11_2025_08_17,during_entry,audio_spectral_centroid,14,1744.9770333426338,1751.5689697265625,1974.141357421875,160.17361922803627,1475.44016660493,1.1826823430989568,269.5368667377038
caretaker_entry_room1_week11_2025_08_17,during_entry,audio_spectral_bandwidth,14,2229.7398420061386,2260.02783203125,2427.327392578125,151.81805363315334,1986.5020562533675,1.1224452725770284,243.23778575277106
caretaker_entry_room1_week11_2025_08_17,during_entry,audio_spectral_rolloff,14,3974.5166538783483,4004.8333740234375,4738.466796875,503.2017551878797,3033.264370622306,1.310310005409431,941.2522832560421
caretaker_entry_room1_week11_2025_08_17,during_entry,temp_context,14,23.699999999999996,23.7,23.7,3.6868252213847854e-15,23.7,0.9999999999999999,-3.552713678800501e-15
caretaker_entry_room1_week11_2025_08_17,during_entry,rh_context,14,52.0,52.0,52.0,0.0,52.0,1.0,0.0
caretaker_entry_room1_week11_2025_08_17,post_entry_recovery,activity_mean,120,0.24390570719330937,0.21496668496790025,0.5699661653488874,0.09998523636243169,0.29230636639205304,0.834418046393739,-0.04840065919874367
caretaker_entry_room1_week11_2025_08_17,post_entry_recovery,mobility_index,120,0.16385436390691369,0.1498367292808501,0.3494358908923672,0.05881432500394597,0.19159317401894344,0.8552202589989604,-0.02773881011202975
caretaker_entry_room1_week11_2025_08_17,post_entry_recovery,spatial_freedom_index,120,0.9493432194896977,0.9552285709231834,0.9947390959750472,0.034648081356881515,0.9561319012551546,0.9928998480685091,-0.006788681765456883
caretaker_entry_room1_week11_2025_08_17,post_entry_recovery,occupancy_imbalance_index,120,0.15705930226063264,0.1536263304189916,0.3193139955997673,0.059815199560515585,0.14345723721951587,1.094816164766251,0.013602065041116773
caretaker_entry_room1_week11_2025_08_17,post_entry_recovery,welfare_risk_score,120,0.2236319744819812,0.22363188260836644,0.223642146430952,9.382714517259111e-07,0.22363188360616726,1.000000406363406,9.087581392952515e-08
caretaker_entry_room1_week11_2025_08_17,post_entry_recovery,audio_rms,120,0.06513832192867991,0.06510691344738,0.0679507404565811,0.0008725560088179845,0.06455293490455064,1.0090683254757487,0.0005853870241292747
caretaker_entry_room1_week11_2025_08_17,post_entry_recovery,audio_short_time_energy,120,0.004273754835594403,0.0042641831096261,0.0046458481810987,0.00011319991305775341,0.004189183566205407,1.0201880075323606,8.457126938899578e-05
caretaker_entry_room1_week11_2025_08_17,post_entry_recovery,audio_zero_crossing_rate,120,0.0424784570311506,0.0413352064788341,0.0583790615200996,0.0040956216842738345,0.04374507076010617,0.9710455668045079,-0.0012666137289555693
caretaker_entry_room1_week11_2025_08_17,post_entry_recovery,audio_spectral_centroid,120,1394.090205891927,1357.1702270507812,1987.4837646484373,170.4907355600161,1475.44016660493,0.9448639378578165,-81.34996071300293
caretaker_entry_room1_week11_2025_08_17,post_entry_recovery,audio_spectral_bandwidth,120,1885.9656036376953,1859.2366333007812,2435.69091796875,183.07653990057744,1986.5020562533675,0.9493902096405132,-100.53645261567226
caretaker_entry_room1_week11_2025_08_17,post_entry_recovery,audio_spectral_rolloff,120,2759.62417195638,2617.0333251953125,4775.56689453125,483.8142544736649,3033.264370622306,0.9097868945034336,-273.64019866592616
caretaker_entry_room1_week11_2025_08_17,post_entry_recovery,temp_context,120,23.699999999999992,23.7,23.7,7.135219636515924e-15,23.7,0.9999999999999997,-7.105427357601002e-15
caretaker_entry_room1_week11_2025_08_17,post_entry_recovery,rh_context,120,52.0,52.0,52.0,0.0,52.0,1.0,0.0
