stage,window_id,media_id,room_id,issue
video_features,media_000002_w0102,media_000002,room_1,no_interval_overlap
video_features,media_000002_w0103,media_000002,room_1,no_interval_overlap
video_features,media_000002_w0104,media_000002,room_1,no_interval_overlap
video_features,media_000002_w0105,media_000002,room_1,no_interval_overlap
video_features,media_000002_w0106,media_000002,room_1,no_interval_overlap
video_features,media_000002_w0107,media_000002,room_1,no_interval_overlap
video_features,media_000002_w0108,media_000002,room_1,no_interval_overlap
video_features,media_000002_w0109,media_000002,room_1,no_interval_overlap
video_features,media_000002_w0110,media_000002,room_1,no_interval_overlap
video_features,media_000002_w0111,media_000002,room_1,no_interval_overlap
video_features,media_000002_w0112,media_000002,room_1,no_interval_overlap
video_features,media_000002_w0113,media_000002,room_1,no_interval_overlap
video_features,media_000002_w0114,media_000002,room_1,no_interval_overlap
video_features,media_000002_w0115,media_000002,room_1,no_interval_overlap
video_features,media_000002_w0116,media_000002,room_1,no_interval_overlap
video_features,media_000002_w0117,media_000002,room_1,no_interval_overlap
video_features,media_000002_w0118,media_000002,room_1,no_interval_overlap
video_features,media_000002_w0119,media_000002,room_1,no_interval_overlap
video_features,media_000002_w0120,media_000002,room_1,no_interval_overlap
video_features,media_000002_w0121,media_000002,room_1,no_interval_overlap
video_features,media_000002_w0122,media_000002,room_1,no_interval_overlap
video_features,media_000002_w0123,media_000002,room_1,no_interval_overlap
video_features,media_000002_w0124,media_000002,room_1,no_interval_overlap
video_features,media_000002_w0125,media_000002,room_1,no_interval_overlap
video_features,media_000002_w0126,media_000002,room_1,no_interval_overlap
video_features,media_000002_w0127,media_000002,room_1,no_interval_overlap
video_features,media_000002_w0128,media_000002,room_1,no_interval_overlap
video_features,media_000002_w0129,media_000002,room_1,no_interval_overlap
video_features,media_000002_w0130,media_000002,room_1,no_interval_overlap
video_features,media_000002_w0131,media_000002,room_1,no_interval_overlap
video_features,media_000002_w0132,media_000002,room_1,no_interval_overlap
video_features,media_000002_w0133,media_000002,room_1,no_interval_overlap
video_features,media_000002_w0134,media_000002,room_1,no_interval_overlap
video_features,media_000002_w0135,media_000002,room_1,no_interval_overlap
video_features,media_000002_w0136,media_000002,room_1,no_interval_overlap
video_features,media_000002_w0137,media_000002,room_1,no_interval_overlap
video_features,media_000002_w0138,media_000002,room_1,no_interval_overlap
video_features,media_000002_w0139,media_000002,room_1,no_interval_overlap
video_features,media_000002_w0140,media_000002,room_1,no_interval_overlap
video_features,media_000002_w0141,media_000002,room_1,no_interval_overlap
video_features,media_000002_w0142,media_000002,room_1,no_interval_overlap
video_features,media_000002_w0143,media_000002,room_1,no_interval_overlap
video_features,media_000002_w0144,media_000002,room_1,no_interval_overlap
video_features,media_000002_w0145,media_000002,room_1,no_interval_overlap
video_features,media_000002_w0146,media_000002,room_1,no_interval_overlap
video_features,media_000002_w0147,media_000002,room_1,no_interval_overlap
video_features,media_000002_w0148,media_000002,room_1,no_interval_overlap
video_features,media_000002_w0149,media_000002,room_1,no_interval_overlap
video_features,media_000002_w0150,media_000002,room_1,no_interval_overlap
video_features,media_000002_w0151,media_000002,room_1,no_interval_overlap
video_features,media_000002_w0152,media_000002,room_1,no_interval_overlap
video_features,media_000002_w0153,media_000002,room_1,no_interval_overlap
video_features,media_000002_w0154,media_000002,room_1,no_interval_overlap
video_features,media_000002_w0155,media_000002,room_1,no_interval_overlap
video_features,media_000002_w0156,media_000002,room_1,no_interval_overlap
video_features,media_000002_w0157,media_000002,room_1,no_interval_overlap
video_features,media_000002_w0158,media_000002,room_1,no_interval_overlap
video_features,media_000002_w0159,media_000002,room_1,no_interval_overlap
video_features,media_000002_w0160,media_000002,room_1,no_interval_overlap
video_features,media_000002_w0161,media_000002,room_1,no_interval_overlap
video_features,media_000002_w0162,media_000002,room_1,no_interval_overlap
video_features,media_000002_w0163,media_000002,room_1,no_interval_overlap
video_features,media_000002_w0164,media_000002,room_1,no_interval_overlap
video_features,media_000002_w0165,media_000002,room_1,no_interval_overlap
video_features,media_000002_w0166,media_000002,room_1,no_interval_overlap
video_features,media_000002_w0167,media_000002,room_1,no_interval_overlap
video_features,media_000002_w0168,media_000002,room_1,no_interval_overlap
video_features,media_000002_w0169,media_000002,room_1,no_interval_overlap
video_features,media_000002_w0170,media_000002,room_1,no_interval_overlap
video_features,media_000002_w0171,media_000002,room_1,no_interval_overlap
video_features,media_000002_w0172,media_000002,room_1,no_interval_overlap
video_features,media_000002_w0173,media_000002,room_1,no_interval_overlap
video_features,media_000002_w0174,media_000002,room_1,no_interval_overlap
video_features,media_000002_w0175,media_000002,room_1,no_interval_overlap
video_features,media_000002_w0176,media_000002,room_1,no_interval_overlap
video_features,media_000002_w0177,media_000002,room_1,no_interval_overlap
video_features,media_000002_w0178,media_000002,room_1,no_interval_overlap
video_features,media_000002_w0179,media_000002,room_1,no_interval_overlap
video_features,media_000002_w0180,media_000002,room_1,no_interval_overlap
video_features,media_000002_w0181,media_000002,room_1,no_interval_overlap
video_features,media_000002_w0182,media_000002,room_1,no_interval_overlap
video_features,media_000002_w0183,media_000002,room_1,no_interval_overlap
video_features,media_000002_w0184,media_000002,room_1,no_interval_overlap
video_features,media_000002_w0185,media_000002,room_1,no_interval_overlap
video_features,media_000002_w0186,media_000002,room_1,no_interval_overlap
video_features,media_000002_w0187,media_000002,room_1,no_interval_overlap
video_features,media_000002_w0188,media_000002,room_1,no_interval_overlap
video_features,media_000002_w0189,media_000002,room_1,no_interval_overlap
video_features,media_000002_w0190,media_000002,room_1,no_interval_overlap
video_features,media_000002_w0191,media_000002,room_1,no_interval_overlap
video_features,media_000002_w0192,media_000002,room_1,no_interval_overlap
video_features,media_000002_w0193,media_000002,room_1,no_interval_overlap
video_features,media_000002_w0194,media_000002,room_1,no_interval_overlap
video_features,media_000002_w0195,media_000002,room_1,no_interval_overlap
video_features,media_000002_w0196,media_000002,room_1,no_interval_overlap
video_features,media_000002_w0197,media_000002,room_1,no_interval_overlap
video_features,media_000002_w0198,media_000002,room_1,no_interval_overlap
video_features,media_000002_w0199,media_000002,room_1,no_interval_overlap
video_features,media_000002_w0200,media_000002,room_1,no_interval_overlap
video_features,media_000002_w0201,media_000002,room_1,no_interval_overlap
video_features,media_000002_w0202,media_000002,room_1,no_interval_overlap
video_features,media_000002_w0203,media_000002,room_1,no_interval_overlap
video_features,media_000002_w0204,media_000002,room_1,no_interval_overlap
video_features,media_000002_w0205,media_000002,room_1,no_interval_overlap
video_features,media_000002_w0206,media_000002,room_1,no_interval_overlap
video_features,media_000002_w0207,media_000002,room_1,no_interval_overlap
video_features,media_000002_w0208,media_000002,room_1,no_interval_overlap
video_features,media_000002_w0209,media_000002,room_1,no_interval_overlap
video_features,media_000002_w0210,media_000002,room_1,no_interval_overlap
video_features,media_000002_w0211,media_000002,room_1,no_interval_overlap
video_features,media_000002_w0212,media_000002,room_1,no_interval_overlap
video_features,media_000002_w0213,media_000002,room_1,no_interval_overlap
video_features,media_000002_w0214,media_000002,room_1,no_interval_overlap
video_features,media_000002_w0215,media_000002,room_1,no_interval_overlap
video_features,media_000002_w0216,media_000002,room_1,no_interval_overlap
video_features,media_000002_w0217,media_000002,room_1,no_interval_overlap
video_features,media_000002_w0218,media_000002,room_1,no_interval_overlap
video_features,media_000002_w0219,media_000002,room_1,no_interval_overlap
video_features,media_000002_w0220,media_000002,room_1,no_interval_overlap
video_features,media_000002_w0221,media_000002,room_1,no_interval_overlap
video_features,media_000002_w0222,media_000002,room_1,no_interval_overlap
video_features,media_000002_w0223,media_000002,room_1,no_interval_overlap
video_features,media_000002_w0224,media_000002,room_1,no_interval_overlap
video_features,media_000002_w0225,media_000002,room_1,no_interval_overlap
video_features,media_000002_w0226,media_000002,room_1,no_interval_overlap
video_features,media_000002_w0227,media_000002,room_1,no_interval_overlap
video_features,media_000002_w0228,media_000002,room_1,no_interval_overlap
video_features,media_000002_w0229,media_000002,room_1,no_interval_overlap
video_features,media_000002_w0230,media_000002,room_1,no_interval_overlap
video_features,media_000002_w0231,media_000002,room_1,no_interval_overlap
video_features,media_000002_w0232,media_000002,room_1,no_interval_overlap
video_features,media_000002_w0233,media_000002,room_1,no_interval_overlap
video_features,media_000002_w0234,media_000002,room_1,no_interval_overlap
video_features,media_000002_w0235,media_000002,room_1,no_interval_overlap
video_features,media_000002_w0236,media_000002,room_1,no_interval_overlap
video_features,media_000002_w0237,media_000002,room_1,no_interval_overlap
video_features,media_000002_w0238,media_000002,room_1,no_interval_overlap
video_features,media_000002_w0239,media_000002,room_1,no_interval_overlap
video_features,media_000002_w0240,media_000002,room_1,no_interval_overlap
video_features,media_000002_w0241,media_000002,room_1,no_interval_overlap
video_features,media_000002_w0242,media_000002,room_1,no_interval_overlap
video_features,media_000002_w0243,media_000002,room_1,no_interval_overlap
video_features,media_000002_w0244,media_000002,room_1,no_interval_overlap
video_features,media_000002_w0245,media_000002,room_1,no_interval_overlap
video_features,media_000002_w0246,media_000002,room_1,no_interval_overlap
video_features,media_000002_w0247,media_000002,room_1,no_interval_overlap
video_features,media_000002_w0248,media_000002,room_1,no_interval_overlap
video_features,media_000002_w0249,media_000002,room_1,no_interval_overlap
video_features,media_000002_w0250,media_000002,room_1,no_interval_overlap
video_features,media_000002_w0251,media_000002,room_1,no_interval_overlap
video_features,media_000002_w0252,media_000002,room_1,no_interval_overlap
video_features,media_000002_w0253,media_000002,room_1,no_interval_overlap
video_features,media_000002_w0254,media_000002,room_1,no_interval_overlap
video_features,media_000002_w0255,media_000002,room_1,no_interval_overlap
video_features,media_000002_w0256,media_000002,room_1,no_interval_overlap
video_features,media_000002_w0257,media_000002,room_1,no_interval_overlap
video_features,media_000002_w0258,media_000002,room_1,no_interval_overlap
video_features,media_000002_w0259,media_000002,room_1,no_interval_overlap
video_features,media_000002_w0260,media_000002,room_1,no_interval_overlap
video_features,media_000002_w0261,media_000002,room_1,no_interval_overlap
video_features,media_000002_w0262,media_000002,room_1,no_interval_overlap
video_features,media_000002_w0263,media_000002,room_1,no_interval_overlap
video_features,media_000002_w0264,media_000002,room_1,no_interval_overlap
video_features,media_000002_w0265,media_000002,room_1,no_interval_overlap
video_features,media_000002_w0266,media_000002,room_1,no_interval_overlap
video_features,media_000002_w0267,media_000002,room_1,no_interval_overlap
video_features,media_000002_w0268,media_000002,room_1,no_interval_overlap
video_features,media_000002_w0269,media_000002,room_1,no_interval_overlap
video_features,media_000002_w0270,media_000002,room_1,no_interval_overlap
video_features,media_000002_w0271,media_000002,room_1,no_interval_overlap
video_features,media_000002_w0272,media_000002,room_1,no_interval_overlap
video_features,media_000002_w0273,media_000002,room_1,no_interval_overlap
video_features,media_000002_w0274,media_000002,room_1,no_interval_overlap
video_features,media_000002_w0275,media_000002,room_1,no_interval_overlap
video_features,media_000002_w0276,media_000002,room_1,no_interval_overlap
video_features,media_000002_w0277,media_000002,room_1,no_interval_overlap
video_features,media_000002_w0278,media_000002,room_1,no_interval_overlap
video_features,media_000002_w0279,media_000002,room_1,no_interval_overlap
video_features,media_000002_w0280,media_000002,room_1,no_interval_overlap
video_features,media_000002_w0281,media_000002,room_1,no_interval_overlap
video_features,media_000002_w0282,media_000002,room_1,no_interval_overlap
video_features,media_000002_w0283,media_000002,room_1,no_interval_overlap
video_features,media_000002_w0284,media_000002,room_1,no_interval_overlap
video_features,media_000002_w0285,media_000002,room_1,no_interval_overlap
video_features,media_000002_w0286,media_000002,room_1,no_interval_overlap
video_features,media_000002_w0287,media_000002,room_1,no_interval_overlap
video_features,media_000002_w0288,media_000002,room_1,no_interval_overlap
video_features,media_000002_w0289,media_000002,room_1,no_interval_overlap
video_features,media_000002_w0290,media_000002,room_1,no_interval_overlap
video_features,media_000002_w0291,media_000002,room_1,no_interval_overlap
video_features,media_000002_w0292,media_000002,room_1,no_interval_overlap
video_features,media_000002_w0293,media_000002,room_1,no_interval_overlap
video_features,media_000002_w0294,media_000002,room_1,no_interval_overlap
video_features,media_000002_w0295,media_000002,room_1,no_interval_overlap
video_features,media_000002_w0296,media_000002,room_1,no_interval_overlap
video_features,media_000002_w0297,media_000002,room_1,no_interval_overlap
video_features,media_000002_w0298,media_000002,room_1,no_interval_overlap
video_features,media_000002_w0299,media_000002,room_1,no_interval_overlap
video_features,media_000132_w0001,media_000132,room_1,no_interval_overlap
audio_features,media_000132_w0001,media_000132,room_1,audio_unavailable
